contract_decimals,contract_name,contract_ticker_symbol,contract_address,supports_erc,logo_url,address,balance,total_supply,block_height
18,BorpaToken,BORPA,0x0002bcdaf53f4889bf2f43a3252d7c03fe1b80bc,,https://logos.covalenthq.com/tokens/42161/0x0002bcdaf53f4889bf2f43a3252d7c03fe1b80bc.png,0xf18e89fbecbb81d2cd25cd2d681ed0956e418f82,4344577498709755377065186,10715809076395658797668187,228171271
18,BorpaToken,BORPA,0x0002bcdaf53f4889bf2f43a3252d7c03fe1b80bc,,https://logos.covalenthq.com/tokens/42161/0x0002bcdaf53f4889bf2f43a3252d7c03fe1b80bc.png,0x412c470351231c93025a441dedb6a0f65c92b781,2232297801839582286198477,10715809076395658797668187,228171271
18,BorpaToken,BORPA,0x0002bcdaf53f4889bf2f43a3252d7c03fe1b80bc,,https://logos.covalenthq.com/tokens/42161/0x0002bcdaf53f4889bf2f43a3252d7c03fe1b80bc.png,0xe925f7c19626154b0a800fe4f2081664406c2500,785276297477716950243940,10715809076395658797668187,228171271
18,BorpaToken,BORPA,0x0002bcdaf53f4889bf2f43a3252d7c03fe1b80bc,,https://logos.covalenthq.com/tokens/42161/0x0002bcdaf53f4889bf2f43a3252d7c03fe1b80bc.png,0xa31a9e0435c1bb4178a549c41a2fbf051463f2d6,296182314691367468006265,10715809076395658797668187,228171271
18,BorpaToken,BORPA,0x0002bcdaf53f4889bf2f43a3252d7c03fe1b80bc,,https://logos.covalenthq.com/tokens/42161/0x0002bcdaf53f4889bf2f43a3252d7c03fe1b80bc.png,0xf2d98779cc53f322563d879389b1611fd0fcac72,277900596210401096437123,10715809076395658797668187,228171271
18,BorpaToken,BORPA,0x0002bcdaf53f4889bf2f43a3252d7c03fe1b80bc,,https://logos.covalenthq.com/tokens/42161/0x0002bcdaf53f4889bf2f43a3252d7c03fe1b80bc.png,0xcd270ea8ff7905aeb0b89a840c9e6beb5a034476,186448284776351355697307,10715809076395658797668187,228171271
18,BorpaToken,BORPA,0x0002bcdaf53f4889bf2f43a3252d7c03fe1b80bc,,https://logos.covalenthq.com/tokens/42161/0x0002bcdaf53f4889bf2f43a3252d7c03fe1b80bc.png,0x6010ec0088e4f4a7e98359bf623b0c955925ffae,147843841868791852204840,10715809076395658797668187,228171271
18,BorpaToken,BORPA,0x0002bcdaf53f4889bf2f43a3252d7c03fe1b80bc,,https://logos.covalenthq.com/tokens/42161/0x0002bcdaf53f4889bf2f43a3252d7c03fe1b80bc.png,0xc2d14c396822ba325aa8c8d0f6213828cb69d925,136893914562367455620919,10715809076395658797668187,228171271
18,BorpaToken,BORPA,0x0002bcdaf53f4889bf2f43a3252d7c03fe1b80bc,,https://logos.covalenthq.com/tokens/42161/0x0002bcdaf53f4889bf2f43a3252d7c03fe1b80bc.png,0xa510a07ba61647cd5355ec305a4a14d9ae94f605,110845945699951950243940,10715809076395658797668187,228171271
18,BorpaToken,BORPA,0x0002bcdaf53f4889bf2f43a3252d7c03fe1b80bc,,https://logos.covalenthq.com/tokens/42161/0x0002bcdaf53f4889bf2f43a3252d7c03fe1b80bc.png,0x1e65f7e98eb078e6e67a0c1549996384a9b0ee67,100000814456454950243940,10715809076395658797668187,228171271
18,BorpaToken,BORPA,0x0002bcdaf53f4889bf2f43a3252d7c03fe1b80bc,,https://logos.covalenthq.com/tokens/42161/0x0002bcdaf53f4889bf2f43a3252d7c03fe1b80bc.png,0xc84096ee48090fef832d0a77082385ea0ea2993d,97069310705095584287940,10715809076395658797668187,228171271
18,BorpaToken,BORPA,0x0002bcdaf53f4889bf2f43a3252d7c03fe1b80bc,,https://logos.covalenthq.com/tokens/42161/0x0002bcdaf53f4889bf2f43a3252d7c03fe1b80bc.png,0xb9665a8ba6e62204f54850a23135a92024b676d6,74942059789604708459330,10715809076395658797668187,228171271
18,BorpaToken,BORPA,0x0002bcdaf53f4889bf2f43a3252d7c03fe1b80bc,,https://logos.covalenthq.com/tokens/42161/0x0002bcdaf53f4889bf2f43a3252d7c03fe1b80bc.png,0x2235a89774e74643eb6a01d73103d8e271345b5d,73796393150728890377954,10715809076395658797668187,228171271
18,BorpaToken,BORPA,0x0002bcdaf53f4889bf2f43a3252d7c03fe1b80bc,,https://logos.covalenthq.com/tokens/42161/0x0002bcdaf53f4889bf2f43a3252d7c03fe1b80bc.png,0xb58a0c101dd4dd9c29b965f944191023949a6fd0,73047454339639950243940,10715809076395658797668187,228171271
18,BorpaToken,BORPA,0x0002bcdaf53f4889bf2f43a3252d7c03fe1b80bc,,https://logos.covalenthq.com/tokens/42161/0x0002bcdaf53f4889bf2f43a3252d7c03fe1b80bc.png,0xebb23d73485f4e2a9164619d673f5adf13ab85ca,71678928522317950243940,10715809076395658797668187,228171271
18,BorpaToken,BORPA,0x0002bcdaf53f4889bf2f43a3252d7c03fe1b80bc,,https://logos.covalenthq.com/tokens/42161/0x0002bcdaf53f4889bf2f43a3252d7c03fe1b80bc.png,0x78aee4cac5f4b7d1b831f33d206300e3d1997a6e,71357142817784995684390,10715809076395658797668187,228171271
18,BorpaToken,BORPA,0x0002bcdaf53f4889bf2f43a3252d7c03fe1b80bc,,https://logos.covalenthq.com/tokens/42161/0x0002bcdaf53f4889bf2f43a3252d7c03fe1b80bc.png,0x33d3c029fd119ebb90df20c3427a97074637bf7c,69420690000000000000000,10715809076395658797668187,228171271
18,BorpaToken,BORPA,0x0002bcdaf53f4889bf2f43a3252d7c03fe1b80bc,,https://logos.covalenthq.com/tokens/42161/0x0002bcdaf53f4889bf2f43a3252d7c03fe1b80bc.png,0xbcddfab620a6901f9f26350fce6acee8183fac8c,69198744337200999345351,10715809076395658797668187,228171271
18,BorpaToken,BORPA,0x0002bcdaf53f4889bf2f43a3252d7c03fe1b80bc,,https://logos.covalenthq.com/tokens/42161/0x0002bcdaf53f4889bf2f43a3252d7c03fe1b80bc.png,0x10bb8fb847a5d298a68879bc8b8f455177b06bd0,66432943780792212304076,10715809076395658797668187,228171271
18,BorpaToken,BORPA,0x0002bcdaf53f4889bf2f43a3252d7c03fe1b80bc,,https://logos.covalenthq.com/tokens/42161/0x0002bcdaf53f4889bf2f43a3252d7c03fe1b80bc.png,0x535b4ee17d5ad6a4d35a0d8037e99eef8fa5ace6,66161951399905630264661,10715809076395658797668187,228171271
18,BorpaToken,BORPA,0x0002bcdaf53f4889bf2f43a3252d7c03fe1b80bc,,https://logos.covalenthq.com/tokens/42161/0x0002bcdaf53f4889bf2f43a3252d7c03fe1b80bc.png,0x576f2db7aa4ed401014c8ff7933f664e438176d7,65764471310199969742032,10715809076395658797668187,228171271
18,BorpaToken,BORPA,0x0002bcdaf53f4889bf2f43a3252d7c03fe1b80bc,,https://logos.covalenthq.com/tokens/42161/0x0002bcdaf53f4889bf2f43a3252d7c03fe1b80bc.png,0xa3a3b69a3c76308a867b47d3d60d8ee8213366b5,63522149297192734418064,10715809076395658797668187,228171271
18,BorpaToken,BORPA,0x0002bcdaf53f4889bf2f43a3252d7c03fe1b80bc,,https://logos.covalenthq.com/tokens/42161/0x0002bcdaf53f4889bf2f43a3252d7c03fe1b80bc.png,0xa0e1eee5ce9881c716ed5d09377f693dfbb65a9a,53900241783197535083375,10715809076395658797668187,228171271
18,BorpaToken,BORPA,0x0002bcdaf53f4889bf2f43a3252d7c03fe1b80bc,,https://logos.covalenthq.com/tokens/42161/0x0002bcdaf53f4889bf2f43a3252d7c03fe1b80bc.png,0x6a56da21fe699ec233521d51d580ea6e39d39966,50803086262282630264661,10715809076395658797668187,228171271
18,BorpaToken,BORPA,0x0002bcdaf53f4889bf2f43a3252d7c03fe1b80bc,,https://logos.covalenthq.com/tokens/42161/0x0002bcdaf53f4889bf2f43a3252d7c03fe1b80bc.png,0x5ce980d9eb0feecb7d3a8f60b9c4959ef271def5,49949999687797630264661,10715809076395658797668187,228171271
18,BorpaToken,BORPA,0x0002bcdaf53f4889bf2f43a3252d7c03fe1b80bc,,https://logos.covalenthq.com/tokens/42161/0x0002bcdaf53f4889bf2f43a3252d7c03fe1b80bc.png,0x6b28256b900db4812ebf20e6f4905e11f52aba4e,40059621783579940280016,10715809076395658797668187,228171271
18,BorpaToken,BORPA,0x0002bcdaf53f4889bf2f43a3252d7c03fe1b80bc,,https://logos.covalenthq.com/tokens/42161/0x0002bcdaf53f4889bf2f43a3252d7c03fe1b80bc.png,0x029b317b115dc4a40cb4774069e69c40705e0e2a,39748769301894320309440,10715809076395658797668187,228171271
18,BorpaToken,BORPA,0x0002bcdaf53f4889bf2f43a3252d7c03fe1b80bc,,https://logos.covalenthq.com/tokens/42161/0x0002bcdaf53f4889bf2f43a3252d7c03fe1b80bc.png,0x83038260f82d06e051994118046081145be3d9a6,37802292960015900487880,10715809076395658797668187,228171271
18,BorpaToken,BORPA,0x0002bcdaf53f4889bf2f43a3252d7c03fe1b80bc,,https://logos.covalenthq.com/tokens/42161/0x0002bcdaf53f4889bf2f43a3252d7c03fe1b80bc.png,0x33c9a8d8276599190d3223c3f30b93a6dbb2c6f7,36414475739231592399164,10715809076395658797668187,228171271
18,BorpaToken,BORPA,0x0002bcdaf53f4889bf2f43a3252d7c03fe1b80bc,,https://logos.covalenthq.com/tokens/42161/0x0002bcdaf53f4889bf2f43a3252d7c03fe1b80bc.png,0xf9af2e7927577d366291d8986dbd15dacef676a6,35678571392875950243940,10715809076395658797668187,228171271
18,BorpaToken,BORPA,0x0002bcdaf53f4889bf2f43a3252d7c03fe1b80bc,,https://logos.covalenthq.com/tokens/42161/0x0002bcdaf53f4889bf2f43a3252d7c03fe1b80bc.png,0x579de8e7da10b45b43a24ac21da8b1a3a9452d64,35678571392875950243940,10715809076395658797668187,228171271
18,BorpaToken,BORPA,0x0002bcdaf53f4889bf2f43a3252d7c03fe1b80bc,,https://logos.covalenthq.com/tokens/42161/0x0002bcdaf53f4889bf2f43a3252d7c03fe1b80bc.png,0x6182c554efbaf57c4742b55c0387ea1d890e4384,35678571392875950243940,10715809076395658797668187,228171271
18,BorpaToken,BORPA,0x0002bcdaf53f4889bf2f43a3252d7c03fe1b80bc,,https://logos.covalenthq.com/tokens/42161/0x0002bcdaf53f4889bf2f43a3252d7c03fe1b80bc.png,0x97e3243ce1d08b7da8a36993650479e5c5c7b73b,35678571095104630264661,10715809076395658797668187,228171271
18,BorpaToken,BORPA,0x0002bcdaf53f4889bf2f43a3252d7c03fe1b80bc,,https://logos.covalenthq.com/tokens/42161/0x0002bcdaf53f4889bf2f43a3252d7c03fe1b80bc.png,0xbd909b92e28d15c4322c2435acfecc1bf700307f,34964999985568950243940,10715809076395658797668187,228171271
18,BorpaToken,BORPA,0x0002bcdaf53f4889bf2f43a3252d7c03fe1b80bc,,https://logos.covalenthq.com/tokens/42161/0x0002bcdaf53f4889bf2f43a3252d7c03fe1b80bc.png,0xfd3d958e571cf5724f6c1c0054823d21089dae24,34001959046176599904970,10715809076395658797668187,228171271
18,BorpaToken,BORPA,0x0002bcdaf53f4889bf2f43a3252d7c03fe1b80bc,,https://logos.covalenthq.com/tokens/42161/0x0002bcdaf53f4889bf2f43a3252d7c03fe1b80bc.png,0xb1e03d53f6be30c7154fdf5f125e7d713ecf722a,33606595588930509842756,10715809076395658797668187,228171271
18,BorpaToken,BORPA,0x0002bcdaf53f4889bf2f43a3252d7c03fe1b80bc,,https://logos.covalenthq.com/tokens/42161/0x0002bcdaf53f4889bf2f43a3252d7c03fe1b80bc.png,0x9a6e8e40e58b0441b86a526d418c8969e43c832a,31789739060680161237528,10715809076395658797668187,228171271
18,BorpaToken,BORPA,0x0002bcdaf53f4889bf2f43a3252d7c03fe1b80bc,,https://logos.covalenthq.com/tokens/42161/0x0002bcdaf53f4889bf2f43a3252d7c03fe1b80bc.png,0x712e09ca793d69e4b270f8c920ca52d23c756e67,30680154044204370653084,10715809076395658797668187,228171271
18,BorpaToken,BORPA,0x0002bcdaf53f4889bf2f43a3252d7c03fe1b80bc,,https://logos.covalenthq.com/tokens/42161/0x0002bcdaf53f4889bf2f43a3252d7c03fe1b80bc.png,0xe64063c7688db1ac863d0daa3dbca41ab4e6b465,30485468929071785590381,10715809076395658797668187,228171271
18,BorpaToken,BORPA,0x0002bcdaf53f4889bf2f43a3252d7c03fe1b80bc,,https://logos.covalenthq.com/tokens/42161/0x0002bcdaf53f4889bf2f43a3252d7c03fe1b80bc.png,0x4718e39351c975cfe59ec3d8bd9f3ebf6526d696,24974901571048201782004,10715809076395658797668187,228171271
18,BorpaToken,BORPA,0x0002bcdaf53f4889bf2f43a3252d7c03fe1b80bc,,https://logos.covalenthq.com/tokens/42161/0x0002bcdaf53f4889bf2f43a3252d7c03fe1b80bc.png,0xdbd05361a0d9ec0ad192dd49863e577217d9413b,24505547683347900487880,10715809076395658797668187,228171271
18,BorpaToken,BORPA,0x0002bcdaf53f4889bf2f43a3252d7c03fe1b80bc,,https://logos.covalenthq.com/tokens/42161/0x0002bcdaf53f4889bf2f43a3252d7c03fe1b80bc.png,0xb79b2fb62f5010e4f1fc32d9a10883862e8250ea,23259639075863154594640,10715809076395658797668187,228171271
18,BorpaToken,BORPA,0x0002bcdaf53f4889bf2f43a3252d7c03fe1b80bc,,https://logos.covalenthq.com/tokens/42161/0x0002bcdaf53f4889bf2f43a3252d7c03fe1b80bc.png,0xcf7c0ef21bdbce30f5736c07842ddc5d57e1bad8,22966530822965933754917,10715809076395658797668187,228171271
18,BorpaToken,BORPA,0x0002bcdaf53f4889bf2f43a3252d7c03fe1b80bc,,https://logos.covalenthq.com/tokens/42161/0x0002bcdaf53f4889bf2f43a3252d7c03fe1b80bc.png,0x919e6a9077965a4a24b9a58977ec380ad94dcb90,19454720956234840398719,10715809076395658797668187,228171271
18,BorpaToken,BORPA,0x0002bcdaf53f4889bf2f43a3252d7c03fe1b80bc,,https://logos.covalenthq.com/tokens/42161/0x0002bcdaf53f4889bf2f43a3252d7c03fe1b80bc.png,0xcce7f482ffdbf4b7017c7b3a25707497e5c49d22,18688302459541734527586,10715809076395658797668187,228171271
18,BorpaToken,BORPA,0x0002bcdaf53f4889bf2f43a3252d7c03fe1b80bc,,https://logos.covalenthq.com/tokens/42161/0x0002bcdaf53f4889bf2f43a3252d7c03fe1b80bc.png,0xe396c4700859d3b96f56bb9fa47fac0a23ef9359,18415284398243282577801,10715809076395658797668187,228171271
18,BorpaToken,BORPA,0x0002bcdaf53f4889bf2f43a3252d7c03fe1b80bc,,https://logos.covalenthq.com/tokens/42161/0x0002bcdaf53f4889bf2f43a3252d7c03fe1b80bc.png,0x221819fc094b95cb6c71f2da5c424aeec05e6d75,18327912758132921690865,10715809076395658797668187,228171271
18,BorpaToken,BORPA,0x0002bcdaf53f4889bf2f43a3252d7c03fe1b80bc,,https://logos.covalenthq.com/tokens/42161/0x0002bcdaf53f4889bf2f43a3252d7c03fe1b80bc.png,0xda0ccda2d20e2f3fa7e0105576add1f551e5b0d1,16063191419552001334769,10715809076395658797668187,228171271
18,BorpaToken,BORPA,0x0002bcdaf53f4889bf2f43a3252d7c03fe1b80bc,,https://logos.covalenthq.com/tokens/42161/0x0002bcdaf53f4889bf2f43a3252d7c03fe1b80bc.png,0x4ef02b934c0a59c72da0d163da00b77a45cac622,16053750470778777619497,10715809076395658797668187,228171271
18,BorpaToken,BORPA,0x0002bcdaf53f4889bf2f43a3252d7c03fe1b80bc,,https://logos.covalenthq.com/tokens/42161/0x0002bcdaf53f4889bf2f43a3252d7c03fe1b80bc.png,0xdd20123d6bfd723ed4afac17f9ce634383ebd153,14987870100249132785113,10715809076395658797668187,228171271
18,BorpaToken,BORPA,0x0002bcdaf53f4889bf2f43a3252d7c03fe1b80bc,,https://logos.covalenthq.com/tokens/42161/0x0002bcdaf53f4889bf2f43a3252d7c03fe1b80bc.png,0xd53314c970059c003de57c2cfcebfa45392b7f09,14984999985568950243940,10715809076395658797668187,228171271
18,BorpaToken,BORPA,0x0002bcdaf53f4889bf2f43a3252d7c03fe1b80bc,,https://logos.covalenthq.com/tokens/42161/0x0002bcdaf53f4889bf2f43a3252d7c03fe1b80bc.png,0xd2f9ba9aa1fff7527e51332abba55844b47cbbfe,14062999612233414304051,10715809076395658797668187,228171271
18,BorpaToken,BORPA,0x0002bcdaf53f4889bf2f43a3252d7c03fe1b80bc,,https://logos.covalenthq.com/tokens/42161/0x0002bcdaf53f4889bf2f43a3252d7c03fe1b80bc.png,0x28948105248e01c2a02389ee1a633ded4ce1511b,13496279896664281820416,10715809076395658797668187,228171271
18,BorpaToken,BORPA,0x0002bcdaf53f4889bf2f43a3252d7c03fe1b80bc,,https://logos.covalenthq.com/tokens/42161/0x0002bcdaf53f4889bf2f43a3252d7c03fe1b80bc.png,0xb1187fab9377ea3be95fb15f69f3b8963cf5c586,12401522383197025562830,10715809076395658797668187,228171271
18,BorpaToken,BORPA,0x0002bcdaf53f4889bf2f43a3252d7c03fe1b80bc,,https://logos.covalenthq.com/tokens/42161/0x0002bcdaf53f4889bf2f43a3252d7c03fe1b80bc.png,0x245a4887c7ca101419d629e447f2de60d8861de4,12384235917647994549824,10715809076395658797668187,228171271
18,BorpaToken,BORPA,0x0002bcdaf53f4889bf2f43a3252d7c03fe1b80bc,,https://logos.covalenthq.com/tokens/42161/0x0002bcdaf53f4889bf2f43a3252d7c03fe1b80bc.png,0x1a80d363c0b47a724581d9170ee58a6c7d891e7b,11745141753901950243940,10715809076395658797668187,228171271
18,BorpaToken,BORPA,0x0002bcdaf53f4889bf2f43a3252d7c03fe1b80bc,,https://logos.covalenthq.com/tokens/42161/0x0002bcdaf53f4889bf2f43a3252d7c03fe1b80bc.png,0x5ee04e52224ed042f007158492206c72377f1142,11247157871958086468656,10715809076395658797668187,228171271
18,BorpaToken,BORPA,0x0002bcdaf53f4889bf2f43a3252d7c03fe1b80bc,,https://logos.covalenthq.com/tokens/42161/0x0002bcdaf53f4889bf2f43a3252d7c03fe1b80bc.png,0x2485f6fdf84263a6fd53f1040c7fb47bb2ddbf5f,9989999985568950243940,10715809076395658797668187,228171271
18,BorpaToken,BORPA,0x0002bcdaf53f4889bf2f43a3252d7c03fe1b80bc,,https://logos.covalenthq.com/tokens/42161/0x0002bcdaf53f4889bf2f43a3252d7c03fe1b80bc.png,0x99d06615d7b4d93cdfff30e3b50adab9f0e228d3,9989999977869647838001,10715809076395658797668187,228171271
18,BorpaToken,BORPA,0x0002bcdaf53f4889bf2f43a3252d7c03fe1b80bc,,https://logos.covalenthq.com/tokens/42161/0x0002bcdaf53f4889bf2f43a3252d7c03fe1b80bc.png,0x3912d7ea8140e16dac355892653f3512c3cf3749,9989999687797630264661,10715809076395658797668187,228171271
18,BorpaToken,BORPA,0x0002bcdaf53f4889bf2f43a3252d7c03fe1b80bc,,https://logos.covalenthq.com/tokens/42161/0x0002bcdaf53f4889bf2f43a3252d7c03fe1b80bc.png,0x95adcbf8afe031de6d207a39e5ca7f73400035c2,9989999687797630264661,10715809076395658797668187,228171271
18,BorpaToken,BORPA,0x0002bcdaf53f4889bf2f43a3252d7c03fe1b80bc,,https://logos.covalenthq.com/tokens/42161/0x0002bcdaf53f4889bf2f43a3252d7c03fe1b80bc.png,0x9f488eb668470081d74af06788543b5d1fef9a02,9296231430127775270874,10715809076395658797668187,228171271
18,BorpaToken,BORPA,0x0002bcdaf53f4889bf2f43a3252d7c03fe1b80bc,,https://logos.covalenthq.com/tokens/42161/0x0002bcdaf53f4889bf2f43a3252d7c03fe1b80bc.png,0xbb2926ed6ea5e29e1371cd74079ebd232f300021,9000000000000000000000,10715809076395658797668187,228171271
18,BorpaToken,BORPA,0x0002bcdaf53f4889bf2f43a3252d7c03fe1b80bc,,https://logos.covalenthq.com/tokens/42161/0x0002bcdaf53f4889bf2f43a3252d7c03fe1b80bc.png,0x2250f6383c55f6bdde9da798097b234270d34074,8906744354098150163858,10715809076395658797668187,228171271
18,BorpaToken,BORPA,0x0002bcdaf53f4889bf2f43a3252d7c03fe1b80bc,,https://logos.covalenthq.com/tokens/42161/0x0002bcdaf53f4889bf2f43a3252d7c03fe1b80bc.png,0x68b0346e24f325ed748c2449463380b1217b050e,8860140076571135482525,10715809076395658797668187,228171271
18,BorpaToken,BORPA,0x0002bcdaf53f4889bf2f43a3252d7c03fe1b80bc,,https://logos.covalenthq.com/tokens/42161/0x0002bcdaf53f4889bf2f43a3252d7c03fe1b80bc.png,0x1bcd6e50cb2e89f73235621f5eaa819d6f60de07,8525115927353356375493,10715809076395658797668187,228171271
18,BorpaToken,BORPA,0x0002bcdaf53f4889bf2f43a3252d7c03fe1b80bc,,https://logos.covalenthq.com/tokens/42161/0x0002bcdaf53f4889bf2f43a3252d7c03fe1b80bc.png,0xe4b9c4485049aa2f78e383ff93b94aa3bb399375,7782952536767445447935,10715809076395658797668187,228171271
18,BorpaToken,BORPA,0x0002bcdaf53f4889bf2f43a3252d7c03fe1b80bc,,https://logos.covalenthq.com/tokens/42161/0x0002bcdaf53f4889bf2f43a3252d7c03fe1b80bc.png,0xa6cd97fb84c669b636b86e0c2cf5e3428363a6f6,7129133082085873921382,10715809076395658797668187,228171271
18,BorpaToken,BORPA,0x0002bcdaf53f4889bf2f43a3252d7c03fe1b80bc,,https://logos.covalenthq.com/tokens/42161/0x0002bcdaf53f4889bf2f43a3252d7c03fe1b80bc.png,0x5abb2c94d1a2981bfd6bb45ff2bb22cd474becdd,5795789795582136726162,10715809076395658797668187,228171271
18,BorpaToken,BORPA,0x0002bcdaf53f4889bf2f43a3252d7c03fe1b80bc,,https://logos.covalenthq.com/tokens/42161/0x0002bcdaf53f4889bf2f43a3252d7c03fe1b80bc.png,0x9997d7120862ceda99ab4a1c43698e0941f87b20,5779836477203145944601,10715809076395658797668187,228171271
18,BorpaToken,BORPA,0x0002bcdaf53f4889bf2f43a3252d7c03fe1b80bc,,https://logos.covalenthq.com/tokens/42161/0x0002bcdaf53f4889bf2f43a3252d7c03fe1b80bc.png,0x4e1cfa8c6e0d4a681cdb362027c61e650d2aaac0,5614953502255714261989,10715809076395658797668187,228171271
18,BorpaToken,BORPA,0x0002bcdaf53f4889bf2f43a3252d7c03fe1b80bc,,https://logos.covalenthq.com/tokens/42161/0x0002bcdaf53f4889bf2f43a3252d7c03fe1b80bc.png,0x2bd37bc5430bfb7cacf54ff316b63b200ba41864,5575690769512950243940,10715809076395658797668187,228171271
18,BorpaToken,BORPA,0x0002bcdaf53f4889bf2f43a3252d7c03fe1b80bc,,https://logos.covalenthq.com/tokens/42161/0x0002bcdaf53f4889bf2f43a3252d7c03fe1b80bc.png,0xe5656d9cf64ff41ceb7e26e819d70df8b66d1595,5100262325883477233261,10715809076395658797668187,228171271
18,BorpaToken,BORPA,0x0002bcdaf53f4889bf2f43a3252d7c03fe1b80bc,,https://logos.covalenthq.com/tokens/42161/0x0002bcdaf53f4889bf2f43a3252d7c03fe1b80bc.png,0x6104a3a414a49ad7fd362a50e38abbd4ef0dd877,4994999985568950243940,10715809076395658797668187,228171271
18,BorpaToken,BORPA,0x0002bcdaf53f4889bf2f43a3252d7c03fe1b80bc,,https://logos.covalenthq.com/tokens/42161/0x0002bcdaf53f4889bf2f43a3252d7c03fe1b80bc.png,0xba599d1526952c14779e6a9d31d912c6a02f5b9c,4994999985568950243940,10715809076395658797668187,228171271
18,BorpaToken,BORPA,0x0002bcdaf53f4889bf2f43a3252d7c03fe1b80bc,,https://logos.covalenthq.com/tokens/42161/0x0002bcdaf53f4889bf2f43a3252d7c03fe1b80bc.png,0xc3108c0d614217a701d86b7917a9910ecf4e2da7,4994999687797630264661,10715809076395658797668187,228171271
18,BorpaToken,BORPA,0x0002bcdaf53f4889bf2f43a3252d7c03fe1b80bc,,https://logos.covalenthq.com/tokens/42161/0x0002bcdaf53f4889bf2f43a3252d7c03fe1b80bc.png,0xe01dd1ad7ccf754e388c427debfa5fbe0363c10e,4994905004932343333476,10715809076395658797668187,228171271
18,BorpaToken,BORPA,0x0002bcdaf53f4889bf2f43a3252d7c03fe1b80bc,,https://logos.covalenthq.com/tokens/42161/0x0002bcdaf53f4889bf2f43a3252d7c03fe1b80bc.png,0xa712a8f6b469320e0e5cb5ce17917f7b58654c1d,4854572193928950243940,10715809076395658797668187,228171271
18,BorpaToken,BORPA,0x0002bcdaf53f4889bf2f43a3252d7c03fe1b80bc,,https://logos.covalenthq.com/tokens/42161/0x0002bcdaf53f4889bf2f43a3252d7c03fe1b80bc.png,0x670c84690f1126562ff0efd745c476c3ea2ccd9a,4698027270324831528313,10715809076395658797668187,228171271
18,BorpaToken,BORPA,0x0002bcdaf53f4889bf2f43a3252d7c03fe1b80bc,,https://logos.covalenthq.com/tokens/42161/0x0002bcdaf53f4889bf2f43a3252d7c03fe1b80bc.png,0x575d980430cde30675edd370803115a5ef0e9e37,4633787211482019484742,10715809076395658797668187,228171271
18,BorpaToken,BORPA,0x0002bcdaf53f4889bf2f43a3252d7c03fe1b80bc,,https://logos.covalenthq.com/tokens/42161/0x0002bcdaf53f4889bf2f43a3252d7c03fe1b80bc.png,0x51ba9bad88974d0df28d85ebdcfcbc473d8674c8,4583537734825500359456,10715809076395658797668187,228171271
18,BorpaToken,BORPA,0x0002bcdaf53f4889bf2f43a3252d7c03fe1b80bc,,https://logos.covalenthq.com/tokens/42161/0x0002bcdaf53f4889bf2f43a3252d7c03fe1b80bc.png,0xcb5c2f378860437fad512c3aec09efce1c470283,4506527586818381163696,10715809076395658797668187,228171271
18,BorpaToken,BORPA,0x0002bcdaf53f4889bf2f43a3252d7c03fe1b80bc,,https://logos.covalenthq.com/tokens/42161/0x0002bcdaf53f4889bf2f43a3252d7c03fe1b80bc.png,0x8de0f057ebfa7b2a052054079bce5fc4f79630da,4447767829288139004744,10715809076395658797668187,228171271
18,BorpaToken,BORPA,0x0002bcdaf53f4889bf2f43a3252d7c03fe1b80bc,,https://logos.covalenthq.com/tokens/42161/0x0002bcdaf53f4889bf2f43a3252d7c03fe1b80bc.png,0xdc17f391df2ad3101269aa218b9c84b9a4d21e19,4440566922158660539057,10715809076395658797668187,228171271
18,BorpaToken,BORPA,0x0002bcdaf53f4889bf2f43a3252d7c03fe1b80bc,,https://logos.covalenthq.com/tokens/42161/0x0002bcdaf53f4889bf2f43a3252d7c03fe1b80bc.png,0x7227fc57374af8f4bd20dbbf17871e57e18ed125,4393493904326752426306,10715809076395658797668187,228171271
18,BorpaToken,BORPA,0x0002bcdaf53f4889bf2f43a3252d7c03fe1b80bc,,https://logos.covalenthq.com/tokens/42161/0x0002bcdaf53f4889bf2f43a3252d7c03fe1b80bc.png,0xf2af4daa3311b8085e05a2bbda41146c08c95416,4269729135969900487880,10715809076395658797668187,228171271
18,BorpaToken,BORPA,0x0002bcdaf53f4889bf2f43a3252d7c03fe1b80bc,,https://logos.covalenthq.com/tokens/42161/0x0002bcdaf53f4889bf2f43a3252d7c03fe1b80bc.png,0xe04cae7652c3be2375975ce94d92b5fd453e0926,3850872672489049943573,10715809076395658797668187,228171271
18,BorpaToken,BORPA,0x0002bcdaf53f4889bf2f43a3252d7c03fe1b80bc,,https://logos.covalenthq.com/tokens/42161/0x0002bcdaf53f4889bf2f43a3252d7c03fe1b80bc.png,0x1d75b472ffbf53f893cb2827bc81fe966aaf3935,3403701492882929297730,10715809076395658797668187,228171271
18,BorpaToken,BORPA,0x0002bcdaf53f4889bf2f43a3252d7c03fe1b80bc,,https://logos.covalenthq.com/tokens/42161/0x0002bcdaf53f4889bf2f43a3252d7c03fe1b80bc.png,0xbb19c20ef6ca7050aa67c0a69bbaa59d6095a2e6,3379981466722950243940,10715809076395658797668187,228171271
18,BorpaToken,BORPA,0x0002bcdaf53f4889bf2f43a3252d7c03fe1b80bc,,https://logos.covalenthq.com/tokens/42161/0x0002bcdaf53f4889bf2f43a3252d7c03fe1b80bc.png,0x0840dcbc3d2b374e0ac7d47943686353a1c11523,3198130749131720951710,10715809076395658797668187,228171271
18,BorpaToken,BORPA,0x0002bcdaf53f4889bf2f43a3252d7c03fe1b80bc,,https://logos.covalenthq.com/tokens/42161/0x0002bcdaf53f4889bf2f43a3252d7c03fe1b80bc.png,0xef7ad5c1b7f18382176bca305256b3766ce86007,2985798967159519377965,10715809076395658797668187,228171271
18,BorpaToken,BORPA,0x0002bcdaf53f4889bf2f43a3252d7c03fe1b80bc,,https://logos.covalenthq.com/tokens/42161/0x0002bcdaf53f4889bf2f43a3252d7c03fe1b80bc.png,0x219e9e2cc1f554f688d03f91a85c5486ba3e4826,2924560808406137162182,10715809076395658797668187,228171271
18,BorpaToken,BORPA,0x0002bcdaf53f4889bf2f43a3252d7c03fe1b80bc,,https://logos.covalenthq.com/tokens/42161/0x0002bcdaf53f4889bf2f43a3252d7c03fe1b80bc.png,0x56a7dc6b782ec641c17e8f0fa234db39d25e0183,2902186085433672577808,10715809076395658797668187,228171271
18,BorpaToken,BORPA,0x0002bcdaf53f4889bf2f43a3252d7c03fe1b80bc,,https://logos.covalenthq.com/tokens/42161/0x0002bcdaf53f4889bf2f43a3252d7c03fe1b80bc.png,0xadad844840a927a6732446530c0a5246b2b5c820,2718315744261869080784,10715809076395658797668187,228171271
18,BorpaToken,BORPA,0x0002bcdaf53f4889bf2f43a3252d7c03fe1b80bc,,https://logos.covalenthq.com/tokens/42161/0x0002bcdaf53f4889bf2f43a3252d7c03fe1b80bc.png,0xd518f2fc3def43e2008632090d4753782206aaf7,2677119774852612649543,10715809076395658797668187,228171271
18,BorpaToken,BORPA,0x0002bcdaf53f4889bf2f43a3252d7c03fe1b80bc,,https://logos.covalenthq.com/tokens/42161/0x0002bcdaf53f4889bf2f43a3252d7c03fe1b80bc.png,0x7b6db383445d92bdffbf356337e81402d085fb54,2500000000000000000000,10715809076395658797668187,228171271
18,BorpaToken,BORPA,0x0002bcdaf53f4889bf2f43a3252d7c03fe1b80bc,,https://logos.covalenthq.com/tokens/42161/0x0002bcdaf53f4889bf2f43a3252d7c03fe1b80bc.png,0x19796cdee4b4eeffe8020787c9ed20a1738a3ff4,2475218673089251361009,10715809076395658797668187,228171271
18,BorpaToken,BORPA,0x0002bcdaf53f4889bf2f43a3252d7c03fe1b80bc,,https://logos.covalenthq.com/tokens/42161/0x0002bcdaf53f4889bf2f43a3252d7c03fe1b80bc.png,0x0d558eaf865a10d541ebaad3768a96366068b814,2448014971117950243940,10715809076395658797668187,228171271
18,BorpaToken,BORPA,0x0002bcdaf53f4889bf2f43a3252d7c03fe1b80bc,,https://logos.covalenthq.com/tokens/42161/0x0002bcdaf53f4889bf2f43a3252d7c03fe1b80bc.png,0xa5ab762aee588cb38d00ff162bba990451de71f3,2386970701046242123190,10715809076395658797668187,228171271
18,BorpaToken,BORPA,0x0002bcdaf53f4889bf2f43a3252d7c03fe1b80bc,,https://logos.covalenthq.com/tokens/42161/0x0002bcdaf53f4889bf2f43a3252d7c03fe1b80bc.png,0xe4c4603e28b5c789e7e2600d0247368f6f05a99d,2296289417122771233313,10715809076395658797668187,228171271
18,BorpaToken,BORPA,0x0002bcdaf53f4889bf2f43a3252d7c03fe1b80bc,,https://logos.covalenthq.com/tokens/42161/0x0002bcdaf53f4889bf2f43a3252d7c03fe1b80bc.png,0xc6731e3d717e9fcf497bedcde41783518cfe2027,2059440029084071832733,10715809076395658797668187,228171271
18,BorpaToken,BORPA,0x0002bcdaf53f4889bf2f43a3252d7c03fe1b80bc,,https://logos.covalenthq.com/tokens/42161/0x0002bcdaf53f4889bf2f43a3252d7c03fe1b80bc.png,0x8b3f6bcbc7e47c10127f6c9890d5e2f591b40a89,2005069637235568794288,10715809076395658797668187,228171271
18,BorpaToken,BORPA,0x0002bcdaf53f4889bf2f43a3252d7c03fe1b80bc,,https://logos.covalenthq.com/tokens/42161/0x0002bcdaf53f4889bf2f43a3252d7c03fe1b80bc.png,0x8bafb77bca7b0cf522db431359eb60f98165c081,2000905566878708167527,10715809076395658797668187,228171271
18,BorpaToken,BORPA,0x0002bcdaf53f4889bf2f43a3252d7c03fe1b80bc,,https://logos.covalenthq.com/tokens/42161/0x0002bcdaf53f4889bf2f43a3252d7c03fe1b80bc.png,0xad29b59ecdc894cd33f1e59d5adfcd445d4970da,1965350862373950243940,10715809076395658797668187,228171271
18,BorpaToken,BORPA,0x0002bcdaf53f4889bf2f43a3252d7c03fe1b80bc,,https://logos.covalenthq.com/tokens/42161/0x0002bcdaf53f4889bf2f43a3252d7c03fe1b80bc.png,0x70040a14c48cc2561f8ade3f2e561173007d9add,1937278401890107583106,10715809076395658797668187,228171271
18,BorpaToken,BORPA,0x0002bcdaf53f4889bf2f43a3252d7c03fe1b80bc,,https://logos.covalenthq.com/tokens/42161/0x0002bcdaf53f4889bf2f43a3252d7c03fe1b80bc.png,0x8282bd10db98e6273a7742a488f6a93d9079b18a,1903836286172093612574,10715809076395658797668187,228171271
18,BorpaToken,BORPA,0x0002bcdaf53f4889bf2f43a3252d7c03fe1b80bc,,https://logos.covalenthq.com/tokens/42161/0x0002bcdaf53f4889bf2f43a3252d7c03fe1b80bc.png,0xadbed17327e1c3e8ea1db13a93778e78f99610dd,1845218961887851055902,10715809076395658797668187,228171271
18,BorpaToken,BORPA,0x0002bcdaf53f4889bf2f43a3252d7c03fe1b80bc,,https://logos.covalenthq.com/tokens/42161/0x0002bcdaf53f4889bf2f43a3252d7c03fe1b80bc.png,0x76b60dcf71da2294f8aa034432d925d1eed8cf68,1797990934005976129804,10715809076395658797668187,228171271
18,BorpaToken,BORPA,0x0002bcdaf53f4889bf2f43a3252d7c03fe1b80bc,,https://logos.covalenthq.com/tokens/42161/0x0002bcdaf53f4889bf2f43a3252d7c03fe1b80bc.png,0x1adbfc85a75499dbcc6074ffa924986980fdb9ec,1662412966981352113906,10715809076395658797668187,228171271
18,BorpaToken,BORPA,0x0002bcdaf53f4889bf2f43a3252d7c03fe1b80bc,,https://logos.covalenthq.com/tokens/42161/0x0002bcdaf53f4889bf2f43a3252d7c03fe1b80bc.png,0x9a6ef672c9af8c98201d3ddffba9de4a67bb7df8,1593691403752563909976,10715809076395658797668187,228171271
18,BorpaToken,BORPA,0x0002bcdaf53f4889bf2f43a3252d7c03fe1b80bc,,https://logos.covalenthq.com/tokens/42161/0x0002bcdaf53f4889bf2f43a3252d7c03fe1b80bc.png,0x0503d1e9cfc99a09ab2a17b3c95e9e0322aa04e5,1553857053006243949311,10715809076395658797668187,228171271
18,BorpaToken,BORPA,0x0002bcdaf53f4889bf2f43a3252d7c03fe1b80bc,,https://logos.covalenthq.com/tokens/42161/0x0002bcdaf53f4889bf2f43a3252d7c03fe1b80bc.png,0xba1d939d8811496dc69b3198fe63e1ea25744e8f,1551510482597473543728,10715809076395658797668187,228171271
18,BorpaToken,BORPA,0x0002bcdaf53f4889bf2f43a3252d7c03fe1b80bc,,https://logos.covalenthq.com/tokens/42161/0x0002bcdaf53f4889bf2f43a3252d7c03fe1b80bc.png,0x380bec1669d72719aa82d28131467906567d145d,1529105360775126122614,10715809076395658797668187,228171271
18,BorpaToken,BORPA,0x0002bcdaf53f4889bf2f43a3252d7c03fe1b80bc,,https://logos.covalenthq.com/tokens/42161/0x0002bcdaf53f4889bf2f43a3252d7c03fe1b80bc.png,0xeaf37cdc3d32c30f3dcb35c43c81740cf3bfbad9,1523018359467638822730,10715809076395658797668187,228171271
18,BorpaToken,BORPA,0x0002bcdaf53f4889bf2f43a3252d7c03fe1b80bc,,https://logos.covalenthq.com/tokens/42161/0x0002bcdaf53f4889bf2f43a3252d7c03fe1b80bc.png,0xd6a0e9d0513c3c0430e315e43b30b09337e37bec,1498343034275031361839,10715809076395658797668187,228171271
18,BorpaToken,BORPA,0x0002bcdaf53f4889bf2f43a3252d7c03fe1b80bc,,https://logos.covalenthq.com/tokens/42161/0x0002bcdaf53f4889bf2f43a3252d7c03fe1b80bc.png,0xd3b8a1bc5a0a45c9c03b65a9ea3787512a7d736b,1440057617437950243940,10715809076395658797668187,228171271
18,BorpaToken,BORPA,0x0002bcdaf53f4889bf2f43a3252d7c03fe1b80bc,,https://logos.covalenthq.com/tokens/42161/0x0002bcdaf53f4889bf2f43a3252d7c03fe1b80bc.png,0xa34739ed2db789e7cec21e33f49be25eb66be53c,1179916938297101992751,10715809076395658797668187,228171271
18,BorpaToken,BORPA,0x0002bcdaf53f4889bf2f43a3252d7c03fe1b80bc,,https://logos.covalenthq.com/tokens/42161/0x0002bcdaf53f4889bf2f43a3252d7c03fe1b80bc.png,0x52017ac1b425df0187b3fe2bd32e8cb2c4ce4c8f,1144007759503400637899,10715809076395658797668187,228171271
18,BorpaToken,BORPA,0x0002bcdaf53f4889bf2f43a3252d7c03fe1b80bc,,https://logos.covalenthq.com/tokens/42161/0x0002bcdaf53f4889bf2f43a3252d7c03fe1b80bc.png,0x730c15db778aea1f6e719521a26a53197b96d79a,1140616465672367301080,10715809076395658797668187,228171271
18,BorpaToken,BORPA,0x0002bcdaf53f4889bf2f43a3252d7c03fe1b80bc,,https://logos.covalenthq.com/tokens/42161/0x0002bcdaf53f4889bf2f43a3252d7c03fe1b80bc.png,0xa603da977f4da790d8f3d0ff42db79cacc6f6960,998999985568950243940,10715809076395658797668187,228171271
18,BorpaToken,BORPA,0x0002bcdaf53f4889bf2f43a3252d7c03fe1b80bc,,https://logos.covalenthq.com/tokens/42161/0x0002bcdaf53f4889bf2f43a3252d7c03fe1b80bc.png,0xe449898f97a885b57d2d11f35ea26c689f9ebec0,998999985568950243940,10715809076395658797668187,228171271
18,BorpaToken,BORPA,0x0002bcdaf53f4889bf2f43a3252d7c03fe1b80bc,,https://logos.covalenthq.com/tokens/42161/0x0002bcdaf53f4889bf2f43a3252d7c03fe1b80bc.png,0xf3bac93a71022aad42e104c46be5de642ed91147,998999578249534976065,10715809076395658797668187,228171271
18,BorpaToken,BORPA,0x0002bcdaf53f4889bf2f43a3252d7c03fe1b80bc,,https://logos.covalenthq.com/tokens/42161/0x0002bcdaf53f4889bf2f43a3252d7c03fe1b80bc.png,0xff32f28985b6dcac2ad30e5c259514b4be8b906b,935127350000000000000,10715809076395658797668187,228171271
18,BorpaToken,BORPA,0x0002bcdaf53f4889bf2f43a3252d7c03fe1b80bc,,https://logos.covalenthq.com/tokens/42161/0x0002bcdaf53f4889bf2f43a3252d7c03fe1b80bc.png,0x40bf31b017969796f3879809672ea970c022bbd4,915419612996567019837,10715809076395658797668187,228171271
18,BorpaToken,BORPA,0x0002bcdaf53f4889bf2f43a3252d7c03fe1b80bc,,https://logos.covalenthq.com/tokens/42161/0x0002bcdaf53f4889bf2f43a3252d7c03fe1b80bc.png,0x3bcd665503f2b4be7f9c36b1669fa38764726dc6,872647686202415320278,10715809076395658797668187,228171271
18,BorpaToken,BORPA,0x0002bcdaf53f4889bf2f43a3252d7c03fe1b80bc,,https://logos.covalenthq.com/tokens/42161/0x0002bcdaf53f4889bf2f43a3252d7c03fe1b80bc.png,0x2b996d8b2271ce770aedb1da568975007e86c8ca,831103504475825774023,10715809076395658797668187,228171271
18,BorpaToken,BORPA,0x0002bcdaf53f4889bf2f43a3252d7c03fe1b80bc,,https://logos.covalenthq.com/tokens/42161/0x0002bcdaf53f4889bf2f43a3252d7c03fe1b80bc.png,0xeccc6bf1c7b747efdb151163e2b5e0a4058e1d50,816252643311227172507,10715809076395658797668187,228171271
18,BorpaToken,BORPA,0x0002bcdaf53f4889bf2f43a3252d7c03fe1b80bc,,https://logos.covalenthq.com/tokens/42161/0x0002bcdaf53f4889bf2f43a3252d7c03fe1b80bc.png,0x4e3aa6092cd50ddafcb3e091990ede029f18653b,797077193279528939312,10715809076395658797668187,228171271
18,BorpaToken,BORPA,0x0002bcdaf53f4889bf2f43a3252d7c03fe1b80bc,,https://logos.covalenthq.com/tokens/42161/0x0002bcdaf53f4889bf2f43a3252d7c03fe1b80bc.png,0xc56871074d260362818ef170e9c3795902af90c0,753276988559533580906,10715809076395658797668187,228171271
18,BorpaToken,BORPA,0x0002bcdaf53f4889bf2f43a3252d7c03fe1b80bc,,https://logos.covalenthq.com/tokens/42161/0x0002bcdaf53f4889bf2f43a3252d7c03fe1b80bc.png,0x97b50a3ca53a2256e1a24f0a3c559de8b427b2a4,724921068444980569477,10715809076395658797668187,228171271
18,BorpaToken,BORPA,0x0002bcdaf53f4889bf2f43a3252d7c03fe1b80bc,,https://logos.covalenthq.com/tokens/42161/0x0002bcdaf53f4889bf2f43a3252d7c03fe1b80bc.png,0x5c9db718ab88653ac6e43cbd027ad9f9f6e29b57,593283762940962285452,10715809076395658797668187,228171271
18,BorpaToken,BORPA,0x0002bcdaf53f4889bf2f43a3252d7c03fe1b80bc,,https://logos.covalenthq.com/tokens/42161/0x0002bcdaf53f4889bf2f43a3252d7c03fe1b80bc.png,0xf9efb19afa4ebe730e13da0eb297f4283187494e,519772310142599929280,10715809076395658797668187,228171271
18,BorpaToken,BORPA,0x0002bcdaf53f4889bf2f43a3252d7c03fe1b80bc,,https://logos.covalenthq.com/tokens/42161/0x0002bcdaf53f4889bf2f43a3252d7c03fe1b80bc.png,0x0ced88b8b36058619fbf832264a1f4eb25f2f279,499499985568950243940,10715809076395658797668187,228171271
18,BorpaToken,BORPA,0x0002bcdaf53f4889bf2f43a3252d7c03fe1b80bc,,https://logos.covalenthq.com/tokens/42161/0x0002bcdaf53f4889bf2f43a3252d7c03fe1b80bc.png,0x6c248fe73c47adca1115daa08294831d6319bf5c,499499974570128269222,10715809076395658797668187,228171271
18,BorpaToken,BORPA,0x0002bcdaf53f4889bf2f43a3252d7c03fe1b80bc,,https://logos.covalenthq.com/tokens/42161/0x0002bcdaf53f4889bf2f43a3252d7c03fe1b80bc.png,0xfa4a7ef5d09f454114ff78e7a8a23eae71bda600,499401574633413109672,10715809076395658797668187,228171271
18,BorpaToken,BORPA,0x0002bcdaf53f4889bf2f43a3252d7c03fe1b80bc,,https://logos.covalenthq.com/tokens/42161/0x0002bcdaf53f4889bf2f43a3252d7c03fe1b80bc.png,0xb3186ae26f59938269ce17c34058e44a3fdab892,480206146560683481843,10715809076395658797668187,228171271
18,BorpaToken,BORPA,0x0002bcdaf53f4889bf2f43a3252d7c03fe1b80bc,,https://logos.covalenthq.com/tokens/42161/0x0002bcdaf53f4889bf2f43a3252d7c03fe1b80bc.png,0xaa312eb19552f924dfc47bfefe47f35a902fc595,474352323927819353444,10715809076395658797668187,228171271
18,BorpaToken,BORPA,0x0002bcdaf53f4889bf2f43a3252d7c03fe1b80bc,,https://logos.covalenthq.com/tokens/42161/0x0002bcdaf53f4889bf2f43a3252d7c03fe1b80bc.png,0xa58d2c1d9a7da2c0e5839f481edbd2937de59b82,451817403580210985441,10715809076395658797668187,228171271
18,BorpaToken,BORPA,0x0002bcdaf53f4889bf2f43a3252d7c03fe1b80bc,,https://logos.covalenthq.com/tokens/42161/0x0002bcdaf53f4889bf2f43a3252d7c03fe1b80bc.png,0xc30c7bc01a5c2267d99cda329ebb800241a34db4,393305175438826243116,10715809076395658797668187,228171271
18,BorpaToken,BORPA,0x0002bcdaf53f4889bf2f43a3252d7c03fe1b80bc,,https://logos.covalenthq.com/tokens/42161/0x0002bcdaf53f4889bf2f43a3252d7c03fe1b80bc.png,0xa85ff3ba53af2133e8045c4d757f41ea7320e7e7,392345083632968539460,10715809076395658797668187,228171271
18,BorpaToken,BORPA,0x0002bcdaf53f4889bf2f43a3252d7c03fe1b80bc,,https://logos.covalenthq.com/tokens/42161/0x0002bcdaf53f4889bf2f43a3252d7c03fe1b80bc.png,0xd1e6267acd2126974c7649d515eb13b462c117bf,368617621772531144975,10715809076395658797668187,228171271
18,BorpaToken,BORPA,0x0002bcdaf53f4889bf2f43a3252d7c03fe1b80bc,,https://logos.covalenthq.com/tokens/42161/0x0002bcdaf53f4889bf2f43a3252d7c03fe1b80bc.png,0x79cded85aeb35e7a8887df43a49bbd50cdbafcb9,366804223669661181285,10715809076395658797668187,228171271
18,BorpaToken,BORPA,0x0002bcdaf53f4889bf2f43a3252d7c03fe1b80bc,,https://logos.covalenthq.com/tokens/42161/0x0002bcdaf53f4889bf2f43a3252d7c03fe1b80bc.png,0x19b798ba1cef79e61014a20f9cc73291b2f6a164,338520330052748871317,10715809076395658797668187,228171271
18,BorpaToken,BORPA,0x0002bcdaf53f4889bf2f43a3252d7c03fe1b80bc,,https://logos.covalenthq.com/tokens/42161/0x0002bcdaf53f4889bf2f43a3252d7c03fe1b80bc.png,0x18234616744551ad5d04ae806b525efffad92127,337489855147768506179,10715809076395658797668187,228171271
18,BorpaToken,BORPA,0x0002bcdaf53f4889bf2f43a3252d7c03fe1b80bc,,https://logos.covalenthq.com/tokens/42161/0x0002bcdaf53f4889bf2f43a3252d7c03fe1b80bc.png,0x9dec4b2816eaa9a3793a634f0ad046bae8a4c12d,320939711088029696162,10715809076395658797668187,228171271
18,BorpaToken,BORPA,0x0002bcdaf53f4889bf2f43a3252d7c03fe1b80bc,,https://logos.covalenthq.com/tokens/42161/0x0002bcdaf53f4889bf2f43a3252d7c03fe1b80bc.png,0x4734a8c76c64ab21e5f8130d66d53b594d5bbf88,273604554629132083241,10715809076395658797668187,228171271
18,BorpaToken,BORPA,0x0002bcdaf53f4889bf2f43a3252d7c03fe1b80bc,,https://logos.covalenthq.com/tokens/42161/0x0002bcdaf53f4889bf2f43a3252d7c03fe1b80bc.png,0xa7465ccd97899edcf11c56d2d26b49125674e45f,253216363930216048413,10715809076395658797668187,228171271
18,BorpaToken,BORPA,0x0002bcdaf53f4889bf2f43a3252d7c03fe1b80bc,,https://logos.covalenthq.com/tokens/42161/0x0002bcdaf53f4889bf2f43a3252d7c03fe1b80bc.png,0xa87bf4199cab57fb65c7a5056ca8b76e94aa1ac7,249405525439466207176,10715809076395658797668187,228171271
18,BorpaToken,BORPA,0x0002bcdaf53f4889bf2f43a3252d7c03fe1b80bc,,https://logos.covalenthq.com/tokens/42161/0x0002bcdaf53f4889bf2f43a3252d7c03fe1b80bc.png,0x2c4677b8070c31925d71d92b5873f43f0ddf95e9,233352029481025293636,10715809076395658797668187,228171271
18,BorpaToken,BORPA,0x0002bcdaf53f4889bf2f43a3252d7c03fe1b80bc,,https://logos.covalenthq.com/tokens/42161/0x0002bcdaf53f4889bf2f43a3252d7c03fe1b80bc.png,0x0bcee45fd74f95a4001d7a3a8e5a23015db82042,199705002717907374916,10715809076395658797668187,228171271
18,BorpaToken,BORPA,0x0002bcdaf53f4889bf2f43a3252d7c03fe1b80bc,,https://logos.covalenthq.com/tokens/42161/0x0002bcdaf53f4889bf2f43a3252d7c03fe1b80bc.png,0x4a8adc0c48e67418caa95b6737ca4fc8a9145416,199489616243411658913,10715809076395658797668187,228171271
18,BorpaToken,BORPA,0x0002bcdaf53f4889bf2f43a3252d7c03fe1b80bc,,https://logos.covalenthq.com/tokens/42161/0x0002bcdaf53f4889bf2f43a3252d7c03fe1b80bc.png,0x353c1f0bc78fbbc245b3c93ef77b1dcc5b77d2a0,175084396298761565293,10715809076395658797668187,228171271
18,BorpaToken,BORPA,0x0002bcdaf53f4889bf2f43a3252d7c03fe1b80bc,,https://logos.covalenthq.com/tokens/42161/0x0002bcdaf53f4889bf2f43a3252d7c03fe1b80bc.png,0xf3c1a53754861ececee4ca615a6b11f67bc89d25,168610983092234468518,10715809076395658797668187,228171271
18,BorpaToken,BORPA,0x0002bcdaf53f4889bf2f43a3252d7c03fe1b80bc,,https://logos.covalenthq.com/tokens/42161/0x0002bcdaf53f4889bf2f43a3252d7c03fe1b80bc.png,0x945240e6397b6cfdcd31f100a9cf3465665dfc76,162250765693414843180,10715809076395658797668187,228171271
18,BorpaToken,BORPA,0x0002bcdaf53f4889bf2f43a3252d7c03fe1b80bc,,https://logos.covalenthq.com/tokens/42161/0x0002bcdaf53f4889bf2f43a3252d7c03fe1b80bc.png,0xf6081c039aa4df979d57aff3fe1e0d10ad5927b2,149695073991730895277,10715809076395658797668187,228171271
18,BorpaToken,BORPA,0x0002bcdaf53f4889bf2f43a3252d7c03fe1b80bc,,https://logos.covalenthq.com/tokens/42161/0x0002bcdaf53f4889bf2f43a3252d7c03fe1b80bc.png,0xe492ab4f38ca358a9b5a5c743a48d4111c140abb,118555788797189753868,10715809076395658797668187,228171271
18,BorpaToken,BORPA,0x0002bcdaf53f4889bf2f43a3252d7c03fe1b80bc,,https://logos.covalenthq.com/tokens/42161/0x0002bcdaf53f4889bf2f43a3252d7c03fe1b80bc.png,0x7679366d2a5f76ea987ee9122fdf7a4d4e945b4b,118267840589653898635,10715809076395658797668187,228171271
18,BorpaToken,BORPA,0x0002bcdaf53f4889bf2f43a3252d7c03fe1b80bc,,https://logos.covalenthq.com/tokens/42161/0x0002bcdaf53f4889bf2f43a3252d7c03fe1b80bc.png,0x904a0078ce58a66f3cf6c1550bc80dad024c2217,100706657250662439127,10715809076395658797668187,228171271
18,BorpaToken,BORPA,0x0002bcdaf53f4889bf2f43a3252d7c03fe1b80bc,,https://logos.covalenthq.com/tokens/42161/0x0002bcdaf53f4889bf2f43a3252d7c03fe1b80bc.png,0x6b92c6b5e92141ef65b9cc3e9ffaed357303cd8f,99899985568950243940,10715809076395658797668187,228171271
18,BorpaToken,BORPA,0x0002bcdaf53f4889bf2f43a3252d7c03fe1b80bc,,https://logos.covalenthq.com/tokens/42161/0x0002bcdaf53f4889bf2f43a3252d7c03fe1b80bc.png,0x107742600e0794bbcb0b9b414f87ad1d2322ac8d,99899985568950243940,10715809076395658797668187,228171271
18,BorpaToken,BORPA,0x0002bcdaf53f4889bf2f43a3252d7c03fe1b80bc,,https://logos.covalenthq.com/tokens/42161/0x0002bcdaf53f4889bf2f43a3252d7c03fe1b80bc.png,0x769256fb273a9b856b6789f3a7ce6dd572854242,99899985568950243940,10715809076395658797668187,228171271
18,BorpaToken,BORPA,0x0002bcdaf53f4889bf2f43a3252d7c03fe1b80bc,,https://logos.covalenthq.com/tokens/42161/0x0002bcdaf53f4889bf2f43a3252d7c03fe1b80bc.png,0xb7c30892d88a589b8573b1bd2f7247aa3ff5ba25,99899978408487575650,10715809076395658797668187,228171271
18,BorpaToken,BORPA,0x0002bcdaf53f4889bf2f43a3252d7c03fe1b80bc,,https://logos.covalenthq.com/tokens/42161/0x0002bcdaf53f4889bf2f43a3252d7c03fe1b80bc.png,0x694a3f28758268de9f5a181cf642a62f4b0f8c43,99805001163889593540,10715809076395658797668187,228171271
18,BorpaToken,BORPA,0x0002bcdaf53f4889bf2f43a3252d7c03fe1b80bc,,https://logos.covalenthq.com/tokens/42161/0x0002bcdaf53f4889bf2f43a3252d7c03fe1b80bc.png,0xe3a553e5201063ad9ce15d6ba5ed6eb3c321f6da,99805000343750401048,10715809076395658797668187,228171271
18,BorpaToken,BORPA,0x0002bcdaf53f4889bf2f43a3252d7c03fe1b80bc,,https://logos.covalenthq.com/tokens/42161/0x0002bcdaf53f4889bf2f43a3252d7c03fe1b80bc.png,0x0000000000000000000000000000000000000020,99750967377062478749,10715809076395658797668187,228171271
18,BorpaToken,BORPA,0x0002bcdaf53f4889bf2f43a3252d7c03fe1b80bc,,https://logos.covalenthq.com/tokens/42161/0x0002bcdaf53f4889bf2f43a3252d7c03fe1b80bc.png,0x8f5c7cef4d9c6dae6fa645ca41b3a8c6ca2bafb8,99712634215727214201,10715809076395658797668187,228171271
18,BorpaToken,BORPA,0x0002bcdaf53f4889bf2f43a3252d7c03fe1b80bc,,https://logos.covalenthq.com/tokens/42161/0x0002bcdaf53f4889bf2f43a3252d7c03fe1b80bc.png,0x95da5569c9b7ed485330e6d31e3ddb62cc07db68,82702172953042134600,10715809076395658797668187,228171271
18,BorpaToken,BORPA,0x0002bcdaf53f4889bf2f43a3252d7c03fe1b80bc,,https://logos.covalenthq.com/tokens/42161/0x0002bcdaf53f4889bf2f43a3252d7c03fe1b80bc.png,0x92709ce34d379ab21fe768fea7f398e76d4750ed,78534642822194014031,10715809076395658797668187,228171271
18,BorpaToken,BORPA,0x0002bcdaf53f4889bf2f43a3252d7c03fe1b80bc,,https://logos.covalenthq.com/tokens/42161/0x0002bcdaf53f4889bf2f43a3252d7c03fe1b80bc.png,0xce63d9cd56d0a997ce58333b3792d2c11a975f82,75801694815808820573,10715809076395658797668187,228171271
18,BorpaToken,BORPA,0x0002bcdaf53f4889bf2f43a3252d7c03fe1b80bc,,https://logos.covalenthq.com/tokens/42161/0x0002bcdaf53f4889bf2f43a3252d7c03fe1b80bc.png,0x78ea440c4fc184d052b44be7028bf0a362f1b3da,73568212931527961149,10715809076395658797668187,228171271
18,BorpaToken,BORPA,0x0002bcdaf53f4889bf2f43a3252d7c03fe1b80bc,,https://logos.covalenthq.com/tokens/42161/0x0002bcdaf53f4889bf2f43a3252d7c03fe1b80bc.png,0x2fc467d68449096650dfd950b3711091478675f9,69929985568950243940,10715809076395658797668187,228171271
18,BorpaToken,BORPA,0x0002bcdaf53f4889bf2f43a3252d7c03fe1b80bc,,https://logos.covalenthq.com/tokens/42161/0x0002bcdaf53f4889bf2f43a3252d7c03fe1b80bc.png,0xcebda550ff74f50e2b4941b2824c99aff9bda3a6,60918463175113224938,10715809076395658797668187,228171271
18,BorpaToken,BORPA,0x0002bcdaf53f4889bf2f43a3252d7c03fe1b80bc,,https://logos.covalenthq.com/tokens/42161/0x0002bcdaf53f4889bf2f43a3252d7c03fe1b80bc.png,0xa5265ab9ffd59c81474ac62d7b8c5cdd47673109,57727903164709652427,10715809076395658797668187,228171271
18,BorpaToken,BORPA,0x0002bcdaf53f4889bf2f43a3252d7c03fe1b80bc,,https://logos.covalenthq.com/tokens/42161/0x0002bcdaf53f4889bf2f43a3252d7c03fe1b80bc.png,0x14c5b8a7b203f47d6beb71adb991c8154e817d4b,57593601541733837008,10715809076395658797668187,228171271
18,BorpaToken,BORPA,0x0002bcdaf53f4889bf2f43a3252d7c03fe1b80bc,,https://logos.covalenthq.com/tokens/42161/0x0002bcdaf53f4889bf2f43a3252d7c03fe1b80bc.png,0xd2a47d990db34bb9af8cb05f8f1697c13c1258eb,53434402924637067900,10715809076395658797668187,228171271
18,BorpaToken,BORPA,0x0002bcdaf53f4889bf2f43a3252d7c03fe1b80bc,,https://logos.covalenthq.com/tokens/42161/0x0002bcdaf53f4889bf2f43a3252d7c03fe1b80bc.png,0x0b2402144bb366a632d14b83f244d2e0e21bd39c,49401624175200000000,10715809076395658797668187,228171271
18,BorpaToken,BORPA,0x0002bcdaf53f4889bf2f43a3252d7c03fe1b80bc,,https://logos.covalenthq.com/tokens/42161/0x0002bcdaf53f4889bf2f43a3252d7c03fe1b80bc.png,0x6b9ac917c4c4ab3ca7a4e7f2544520e29c220b66,48288219412192805973,10715809076395658797668187,228171271
18,BorpaToken,BORPA,0x0002bcdaf53f4889bf2f43a3252d7c03fe1b80bc,,https://logos.covalenthq.com/tokens/42161/0x0002bcdaf53f4889bf2f43a3252d7c03fe1b80bc.png,0x9b1e0b097632aec42b8de3a6deffa635854fb96d,43619722027233918473,10715809076395658797668187,228171271
18,BorpaToken,BORPA,0x0002bcdaf53f4889bf2f43a3252d7c03fe1b80bc,,https://logos.covalenthq.com/tokens/42161/0x0002bcdaf53f4889bf2f43a3252d7c03fe1b80bc.png,0x7dace962ee29b83d84a99dbb6ad9dc5ab1d64de4,40261126501964601605,10715809076395658797668187,228171271
18,BorpaToken,BORPA,0x0002bcdaf53f4889bf2f43a3252d7c03fe1b80bc,,https://logos.covalenthq.com/tokens/42161/0x0002bcdaf53f4889bf2f43a3252d7c03fe1b80bc.png,0xd5b5ac747d9a7b4844ef2b0c915bc065560364d1,40001202734614330622,10715809076395658797668187,228171271
18,BorpaToken,BORPA,0x0002bcdaf53f4889bf2f43a3252d7c03fe1b80bc,,https://logos.covalenthq.com/tokens/42161/0x0002bcdaf53f4889bf2f43a3252d7c03fe1b80bc.png,0xe438055cc23a87ed09a509fe62af90485b551faa,39644899555219893228,10715809076395658797668187,228171271
18,BorpaToken,BORPA,0x0002bcdaf53f4889bf2f43a3252d7c03fe1b80bc,,https://logos.covalenthq.com/tokens/42161/0x0002bcdaf53f4889bf2f43a3252d7c03fe1b80bc.png,0xc15073b0958d50e34f60f6677df3b880638b1b8b,39018213865853165919,10715809076395658797668187,228171271
18,BorpaToken,BORPA,0x0002bcdaf53f4889bf2f43a3252d7c03fe1b80bc,,https://logos.covalenthq.com/tokens/42161/0x0002bcdaf53f4889bf2f43a3252d7c03fe1b80bc.png,0xed59855470c5b79f577ed5963420b28773afa71b,37480671681847014685,10715809076395658797668187,228171271
18,BorpaToken,BORPA,0x0002bcdaf53f4889bf2f43a3252d7c03fe1b80bc,,https://logos.covalenthq.com/tokens/42161/0x0002bcdaf53f4889bf2f43a3252d7c03fe1b80bc.png,0xdf4eb9c5c9c0029093ad37b81781aa5954df5a56,29102029699249377250,10715809076395658797668187,228171271
18,BorpaToken,BORPA,0x0002bcdaf53f4889bf2f43a3252d7c03fe1b80bc,,https://logos.covalenthq.com/tokens/42161/0x0002bcdaf53f4889bf2f43a3252d7c03fe1b80bc.png,0x22b758c7fada124b429f1b971e4c84e417ca6f58,27517155378097124335,10715809076395658797668187,228171271
18,BorpaToken,BORPA,0x0002bcdaf53f4889bf2f43a3252d7c03fe1b80bc,,https://logos.covalenthq.com/tokens/42161/0x0002bcdaf53f4889bf2f43a3252d7c03fe1b80bc.png,0x1ec46c2982011e26f8987c010e8fc0b5a81f61b0,26324894605660969125,10715809076395658797668187,228171271
18,BorpaToken,BORPA,0x0002bcdaf53f4889bf2f43a3252d7c03fe1b80bc,,https://logos.covalenthq.com/tokens/42161/0x0002bcdaf53f4889bf2f43a3252d7c03fe1b80bc.png,0x194f822352d561dae662cabc3c1765690e02c1bd,20191906180792990228,10715809076395658797668187,228171271
18,BorpaToken,BORPA,0x0002bcdaf53f4889bf2f43a3252d7c03fe1b80bc,,https://logos.covalenthq.com/tokens/42161/0x0002bcdaf53f4889bf2f43a3252d7c03fe1b80bc.png,0x0bf8422f0a124e664f4ac2ec42cfe50afe8b8906,19066259223248429262,10715809076395658797668187,228171271
18,BorpaToken,BORPA,0x0002bcdaf53f4889bf2f43a3252d7c03fe1b80bc,,https://logos.covalenthq.com/tokens/42161/0x0002bcdaf53f4889bf2f43a3252d7c03fe1b80bc.png,0x367ea9fdc59d77aff23e3accd6a8148a80b98b3b,15284062937450904828,10715809076395658797668187,228171271
18,BorpaToken,BORPA,0x0002bcdaf53f4889bf2f43a3252d7c03fe1b80bc,,https://logos.covalenthq.com/tokens/42161/0x0002bcdaf53f4889bf2f43a3252d7c03fe1b80bc.png,0xcb699cb3c1dc50a8969f594f08156559f68c163c,14166460300059431645,10715809076395658797668187,228171271
18,BorpaToken,BORPA,0x0002bcdaf53f4889bf2f43a3252d7c03fe1b80bc,,https://logos.covalenthq.com/tokens/42161/0x0002bcdaf53f4889bf2f43a3252d7c03fe1b80bc.png,0x1105651b56bba4325dcdee943ad3adfe8f658acd,11121242179950243940,10715809076395658797668187,228171271
18,BorpaToken,BORPA,0x0002bcdaf53f4889bf2f43a3252d7c03fe1b80bc,,https://logos.covalenthq.com/tokens/42161/0x0002bcdaf53f4889bf2f43a3252d7c03fe1b80bc.png,0x3441b0eafbb45212ed83457e7f6e894a8b040ae5,9989985568950243940,10715809076395658797668187,228171271
18,BorpaToken,BORPA,0x0002bcdaf53f4889bf2f43a3252d7c03fe1b80bc,,https://logos.covalenthq.com/tokens/42161/0x0002bcdaf53f4889bf2f43a3252d7c03fe1b80bc.png,0xb13106b738c8cdfc2767309ad9fded9ed76614ca,9989985568950243940,10715809076395658797668187,228171271
18,BorpaToken,BORPA,0x0002bcdaf53f4889bf2f43a3252d7c03fe1b80bc,,https://logos.covalenthq.com/tokens/42161/0x0002bcdaf53f4889bf2f43a3252d7c03fe1b80bc.png,0xd21258ed22bebc33bbc6333e0ba6bbb44014a9ab,9989985568950243940,10715809076395658797668187,228171271
18,BorpaToken,BORPA,0x0002bcdaf53f4889bf2f43a3252d7c03fe1b80bc,,https://logos.covalenthq.com/tokens/42161/0x0002bcdaf53f4889bf2f43a3252d7c03fe1b80bc.png,0xcaa713508ed800c75808ad51f035881fb422a9e1,9989985568950243940,10715809076395658797668187,228171271
18,BorpaToken,BORPA,0x0002bcdaf53f4889bf2f43a3252d7c03fe1b80bc,,https://logos.covalenthq.com/tokens/42161/0x0002bcdaf53f4889bf2f43a3252d7c03fe1b80bc.png,0x684ca620a83a3dc69eac6c0f81646965ec381828,9989985568950243940,10715809076395658797668187,228171271
18,BorpaToken,BORPA,0x0002bcdaf53f4889bf2f43a3252d7c03fe1b80bc,,https://logos.covalenthq.com/tokens/42161/0x0002bcdaf53f4889bf2f43a3252d7c03fe1b80bc.png,0x7c54b32219fa879bff62e55d00a81c9b59c1fc99,9989985568950243940,10715809076395658797668187,228171271
18,BorpaToken,BORPA,0x0002bcdaf53f4889bf2f43a3252d7c03fe1b80bc,,https://logos.covalenthq.com/tokens/42161/0x0002bcdaf53f4889bf2f43a3252d7c03fe1b80bc.png,0x29484e1a5a00b45207e08494a17b58ee6d9bf2cd,5538101580925733595,10715809076395658797668187,228171271
18,BorpaToken,BORPA,0x0002bcdaf53f4889bf2f43a3252d7c03fe1b80bc,,https://logos.covalenthq.com/tokens/42161/0x0002bcdaf53f4889bf2f43a3252d7c03fe1b80bc.png,0xdaf442e440cff17c3ed532f813c812e25e412a8c,4994985568950243940,10715809076395658797668187,228171271
18,BorpaToken,BORPA,0x0002bcdaf53f4889bf2f43a3252d7c03fe1b80bc,,https://logos.covalenthq.com/tokens/42161/0x0002bcdaf53f4889bf2f43a3252d7c03fe1b80bc.png,0x253ecae3e5828e31ab54203130dd07838e33b1ab,4994985568950243940,10715809076395658797668187,228171271
18,BorpaToken,BORPA,0x0002bcdaf53f4889bf2f43a3252d7c03fe1b80bc,,https://logos.covalenthq.com/tokens/42161/0x0002bcdaf53f4889bf2f43a3252d7c03fe1b80bc.png,0xfcc5ca95919f1b1fc34a2f486ceb7f78291dc763,4928581325145980295,10715809076395658797668187,228171271
18,BorpaToken,BORPA,0x0002bcdaf53f4889bf2f43a3252d7c03fe1b80bc,,https://logos.covalenthq.com/tokens/42161/0x0002bcdaf53f4889bf2f43a3252d7c03fe1b80bc.png,0xf3cbcba37c6a938b1d5d9b5ba9ef17e120556806,3943027130326490133,10715809076395658797668187,228171271
18,BorpaToken,BORPA,0x0002bcdaf53f4889bf2f43a3252d7c03fe1b80bc,,https://logos.covalenthq.com/tokens/42161/0x0002bcdaf53f4889bf2f43a3252d7c03fe1b80bc.png,0x3558b57cb6e2c994d3878b33c0931fd8b821ee84,3221901227923996473,10715809076395658797668187,228171271
18,BorpaToken,BORPA,0x0002bcdaf53f4889bf2f43a3252d7c03fe1b80bc,,https://logos.covalenthq.com/tokens/42161/0x0002bcdaf53f4889bf2f43a3252d7c03fe1b80bc.png,0x78b1094269465e61b08fe6040db5cb754e85a159,3219243088950243940,10715809076395658797668187,228171271
18,BorpaToken,BORPA,0x0002bcdaf53f4889bf2f43a3252d7c03fe1b80bc,,https://logos.covalenthq.com/tokens/42161/0x0002bcdaf53f4889bf2f43a3252d7c03fe1b80bc.png,0xa2b2f10a3c542fed3a53654cca97d34f628f55e3,2996985568950243940,10715809076395658797668187,228171271
18,BorpaToken,BORPA,0x0002bcdaf53f4889bf2f43a3252d7c03fe1b80bc,,https://logos.covalenthq.com/tokens/42161/0x0002bcdaf53f4889bf2f43a3252d7c03fe1b80bc.png,0x25b195061ef84c4b5ba16823d60db8017319e440,2646847785320222788,10715809076395658797668187,228171271
18,BorpaToken,BORPA,0x0002bcdaf53f4889bf2f43a3252d7c03fe1b80bc,,https://logos.covalenthq.com/tokens/42161/0x0002bcdaf53f4889bf2f43a3252d7c03fe1b80bc.png,0xc223e4c595d428df4a8ca2fbc4a95c4de42567b2,1036511356874771246,10715809076395658797668187,228171271
18,BorpaToken,BORPA,0x0002bcdaf53f4889bf2f43a3252d7c03fe1b80bc,,https://logos.covalenthq.com/tokens/42161/0x0002bcdaf53f4889bf2f43a3252d7c03fe1b80bc.png,0xcb31256fdf51245010d0b7b60504dc2bf2164f0c,999985568950243940,10715809076395658797668187,228171271
18,BorpaToken,BORPA,0x0002bcdaf53f4889bf2f43a3252d7c03fe1b80bc,,https://logos.covalenthq.com/tokens/42161/0x0002bcdaf53f4889bf2f43a3252d7c03fe1b80bc.png,0x7745623ca82cc28c7fe02dbb14041507c8c5c670,998985568950243940,10715809076395658797668187,228171271
18,BorpaToken,BORPA,0x0002bcdaf53f4889bf2f43a3252d7c03fe1b80bc,,https://logos.covalenthq.com/tokens/42161/0x0002bcdaf53f4889bf2f43a3252d7c03fe1b80bc.png,0x988f9767b58ca19f38cb0ece828dda368969da08,902911661526776838,10715809076395658797668187,228171271
18,BorpaToken,BORPA,0x0002bcdaf53f4889bf2f43a3252d7c03fe1b80bc,,https://logos.covalenthq.com/tokens/42161/0x0002bcdaf53f4889bf2f43a3252d7c03fe1b80bc.png,0x0da2a82ed2c387d1751ccbaf999a80b65bdb269e,831935439915741515,10715809076395658797668187,228171271
18,BorpaToken,BORPA,0x0002bcdaf53f4889bf2f43a3252d7c03fe1b80bc,,https://logos.covalenthq.com/tokens/42161/0x0002bcdaf53f4889bf2f43a3252d7c03fe1b80bc.png,0xf24e90aaf4223578c4bd7be4168e45a5e68db21a,632064598155061020,10715809076395658797668187,228171271
18,BorpaToken,BORPA,0x0002bcdaf53f4889bf2f43a3252d7c03fe1b80bc,,https://logos.covalenthq.com/tokens/42161/0x0002bcdaf53f4889bf2f43a3252d7c03fe1b80bc.png,0x1de5a73fb58100b7c5db4fba6026444082127f69,580531910725257997,10715809076395658797668187,228171271
18,BorpaToken,BORPA,0x0002bcdaf53f4889bf2f43a3252d7c03fe1b80bc,,https://logos.covalenthq.com/tokens/42161/0x0002bcdaf53f4889bf2f43a3252d7c03fe1b80bc.png,0xf7f350a046438e90dd9630dce91c05fd9c75bb72,499187797630264661,10715809076395658797668187,228171271
18,BorpaToken,BORPA,0x0002bcdaf53f4889bf2f43a3252d7c03fe1b80bc,,https://logos.covalenthq.com/tokens/42161/0x0002bcdaf53f4889bf2f43a3252d7c03fe1b80bc.png,0x29d58269841928587ffb7304fe44d9d133f683ad,444468980387603451,10715809076395658797668187,228171271
18,BorpaToken,BORPA,0x0002bcdaf53f4889bf2f43a3252d7c03fe1b80bc,,https://logos.covalenthq.com/tokens/42161/0x0002bcdaf53f4889bf2f43a3252d7c03fe1b80bc.png,0x2198f7b79deafa4569bb98cb18e09ad18373f30d,301239628894796846,10715809076395658797668187,228171271
18,BorpaToken,BORPA,0x0002bcdaf53f4889bf2f43a3252d7c03fe1b80bc,,https://logos.covalenthq.com/tokens/42161/0x0002bcdaf53f4889bf2f43a3252d7c03fe1b80bc.png,0x1578f034078d5b5dc9d017af75779ae436048415,267614214504954885,10715809076395658797668187,228171271
18,BorpaToken,BORPA,0x0002bcdaf53f4889bf2f43a3252d7c03fe1b80bc,,https://logos.covalenthq.com/tokens/42161/0x0002bcdaf53f4889bf2f43a3252d7c03fe1b80bc.png,0xdf8fb7cf16ef048d2cf6dafb45d93d33483aa2eb,207952676113479114,10715809076395658797668187,228171271
18,BorpaToken,BORPA,0x0002bcdaf53f4889bf2f43a3252d7c03fe1b80bc,,https://logos.covalenthq.com/tokens/42161/0x0002bcdaf53f4889bf2f43a3252d7c03fe1b80bc.png,0xa991a4049e36010695086c4223cf82521b125a58,166120595656624233,10715809076395658797668187,228171271
18,BorpaToken,BORPA,0x0002bcdaf53f4889bf2f43a3252d7c03fe1b80bc,,https://logos.covalenthq.com/tokens/42161/0x0002bcdaf53f4889bf2f43a3252d7c03fe1b80bc.png,0xf796b8fb98c7c98fd4b5424ced013820d1f2ee76,259960705885430,10715809076395658797668187,228171271
18,BorpaToken,BORPA,0x0002bcdaf53f4889bf2f43a3252d7c03fe1b80bc,,https://logos.covalenthq.com/tokens/42161/0x0002bcdaf53f4889bf2f43a3252d7c03fe1b80bc.png,0x9e52272477c2fcbe2c38bf12dd06cb5739975867,25139275048744,10715809076395658797668187,228171271
18,BorpaToken,BORPA,0x0002bcdaf53f4889bf2f43a3252d7c03fe1b80bc,,https://logos.covalenthq.com/tokens/42161/0x0002bcdaf53f4889bf2f43a3252d7c03fe1b80bc.png,0xcb4dd4c1605117abc9bbcf1834377d7988d8e03b,999000000000,10715809076395658797668187,228171271
18,BorpaToken,BORPA,0x0002bcdaf53f4889bf2f43a3252d7c03fe1b80bc,,https://logos.covalenthq.com/tokens/42161/0x0002bcdaf53f4889bf2f43a3252d7c03fe1b80bc.png,0x3468eb9b72a2e63ffe619c58b0d9d5551bb5065d,7580947257,10715809076395658797668187,228171271
18,BorpaToken,BORPA,0x0002bcdaf53f4889bf2f43a3252d7c03fe1b80bc,,https://logos.covalenthq.com/tokens/42161/0x0002bcdaf53f4889bf2f43a3252d7c03fe1b80bc.png,0x75e3b21c5b63d8e993a3dcf0f57f48278c9b63fe,4600356048,10715809076395658797668187,228171271
18,BorpaToken,BORPA,0x0002bcdaf53f4889bf2f43a3252d7c03fe1b80bc,,https://logos.covalenthq.com/tokens/42161/0x0002bcdaf53f4889bf2f43a3252d7c03fe1b80bc.png,0x77ebe9f7779dd10d30fbd4e26236eb280751e456,2810896694,10715809076395658797668187,228171271
18,BorpaToken,BORPA,0x0002bcdaf53f4889bf2f43a3252d7c03fe1b80bc,,https://logos.covalenthq.com/tokens/42161/0x0002bcdaf53f4889bf2f43a3252d7c03fe1b80bc.png,0xc9f5d507f8e16dc4c16dbba7b8aa8c5c7107ef12,6447558,10715809076395658797668187,228171271
18,BorpaToken,BORPA,0x0002bcdaf53f4889bf2f43a3252d7c03fe1b80bc,,https://logos.covalenthq.com/tokens/42161/0x0002bcdaf53f4889bf2f43a3252d7c03fe1b80bc.png,0x780f0aa75ead6d325cdbf229d70a67e9903f6d1d,1049088,10715809076395658797668187,228171271
18,BorpaToken,BORPA,0x0002bcdaf53f4889bf2f43a3252d7c03fe1b80bc,,https://logos.covalenthq.com/tokens/42161/0x0002bcdaf53f4889bf2f43a3252d7c03fe1b80bc.png,0x7a2bd4aafa4006efb387719fb3ebb6fa0079e3e7,891871,10715809076395658797668187,228171271
18,BorpaToken,BORPA,0x0002bcdaf53f4889bf2f43a3252d7c03fe1b80bc,,https://logos.covalenthq.com/tokens/42161/0x0002bcdaf53f4889bf2f43a3252d7c03fe1b80bc.png,0xf7c03f2a0a0857ccfeb61ddb5b510793bbfbf0f8,362137,10715809076395658797668187,228171271
18,BorpaToken,BORPA,0x0002bcdaf53f4889bf2f43a3252d7c03fe1b80bc,,https://logos.covalenthq.com/tokens/42161/0x0002bcdaf53f4889bf2f43a3252d7c03fe1b80bc.png,0xee97b6f51761a130cf1cf4d2342e7abe60f1ce62,243941,10715809076395658797668187,228171271
18,BorpaToken,BORPA,0x0002bcdaf53f4889bf2f43a3252d7c03fe1b80bc,,https://logos.covalenthq.com/tokens/42161/0x0002bcdaf53f4889bf2f43a3252d7c03fe1b80bc.png,0xc8f8511fad4f5d85b8ee81dd13cda89fa9a6a963,139894,10715809076395658797668187,228171271
18,BorpaToken,BORPA,0x0002bcdaf53f4889bf2f43a3252d7c03fe1b80bc,,https://logos.covalenthq.com/tokens/42161/0x0002bcdaf53f4889bf2f43a3252d7c03fe1b80bc.png,0x3881f5850a17f7e51eed237918b3538cbe83a483,37988,10715809076395658797668187,228171271
18,BorpaToken,BORPA,0x0002bcdaf53f4889bf2f43a3252d7c03fe1b80bc,,https://logos.covalenthq.com/tokens/42161/0x0002bcdaf53f4889bf2f43a3252d7c03fe1b80bc.png,0x7dcc5f75d44165e487194a6a0fbd719b71d55188,2036,10715809076395658797668187,228171271
18,BorpaToken,BORPA,0x0002bcdaf53f4889bf2f43a3252d7c03fe1b80bc,,https://logos.covalenthq.com/tokens/42161/0x0002bcdaf53f4889bf2f43a3252d7c03fe1b80bc.png,0x5f515f6c524b18ca30f7783fb58dd4be2e9904ec,1,10715809076395658797668187,228171271
18,BorpaToken,BORPA,0x0002bcdaf53f4889bf2f43a3252d7c03fe1b80bc,,https://logos.covalenthq.com/tokens/42161/0x0002bcdaf53f4889bf2f43a3252d7c03fe1b80bc.png,0x11ddd59c33c73c44733b4123a86ea5ce57f6e854,1,10715809076395658797668187,228171271
18,BorpaToken,BORPA,0x0002bcdaf53f4889bf2f43a3252d7c03fe1b80bc,,https://logos.covalenthq.com/tokens/42161/0x0002bcdaf53f4889bf2f43a3252d7c03fe1b80bc.png,0xe37e799d5077682fa0a244d46e5649f71457bd09,1,10715809076395658797668187,228171271
18,BorpaToken,BORPA,0x0002bcdaf53f4889bf2f43a3252d7c03fe1b80bc,,https://logos.covalenthq.com/tokens/42161/0x0002bcdaf53f4889bf2f43a3252d7c03fe1b80bc.png,0x1111111254eeb25477b68fb85ed929f73a960582,1,10715809076395658797668187,228171271
